Vehicle Class           ,Engine Size (L) ,Cylinders ,Transmission ,Fuel Type ,Fuel Consumption City (L/100 km) ,Fuel Consumption Hwy ,Fuel Consumption Comb (L/100 km) ,Fuel Consumption Comb (mpg) ,CO2 Emissions (g/km) ,CO2 Rating ,Smog Rating , ,Model_ID
Full-size               ,1.5,4,AV7          ,Z         ,7.9,6.3,7.2,39,167,6,7, ,0
Full-size               ,1.5,4,AV7          ,Z         ,8.1,6.5,7.4,38,172,6,7, ,1
Full-size               ,1.5,4,M6           ,Z         ,8.9,6.5,7.8,36,181,6,6, ,2
SUV: Small              ,3.5,6,AS10         ,Z         ,12.6,9.4,11.2,25,263,4,5, ,3
SUV: Standard           ,3.0,6,AS10         ,Z         ,13.8,11.2,12.4,23,291,4,5, ,4
SUV: Small              ,2.0,4,AS10         ,Z         ,11.0,8.6,9.9,29,232,5,6, ,5
SUV: Small              ,2.0,4,AS10         ,Z         ,11.3,9.1,10.3,27,242,5,6, ,6
Compact                 ,2.0,4,AS10         ,Z         ,11.2,8.0,9.8,29,230,5,7, ,7
Compact                 ,2.0,4,AS10         ,Z         ,11.3,8.1,9.8,29,231,5,7, ,8
Compact                 ,3.0,6,AS10         ,Z         ,12.3,9.4,11.0,26,256,5,5, ,9
Mid-size                ,2.0,4,A8           ,Z         ,10.0,7.2,8.7,32,205,5,5, ,10
Mid-size                ,2.0,4,A8           ,Z         ,10.5,7.7,9.2,31,217,5,5, ,11
Mid-size                ,2.9,6,A8           ,Z         ,13.5,9.3,11.6,24,271,4,3, ,12
SUV: Small              ,2.0,4,A8           ,Z         ,10.3,8.1,9.3,30,218,5,5, ,13
SUV: Small              ,2.0,4,A8           ,Z         ,10.8,8.3,9.6,29,226,5,5, ,14
SUV: Small              ,2.9,6,A8           ,Z         ,13.9,10.3,12.3,23,288,4,3, ,15
SUV: Small              ,2.0,4,A9           ,X         ,11.2,8.2,9.8,29,231,5,7, ,16
Minicompact             ,4.0,8,A8           ,Z         ,13.0,9.8,11.5,25,271,4,5, ,17
Minicompact             ,5.2,12,A8           ,Z         ,16.4,10.7,13.8,20,324,3,3, ,18
Minicompact             ,5.2,12,A8           ,Z         ,16.4,10.7,13.8,20,324,3,3, ,19
SUV: Standard           ,4.0,8,A9           ,Z         ,16.8,11.9,14.6,19,343,3,5, ,20
SUV: Standard           ,4.0,8,A9           ,Z         ,15.7,12.0,14.0,20,329,3,5, ,21
Two-seater              ,4.0,8,A8           ,Z         ,13.1,9.6,11.5,25,270,4,5, ,22
Two-seater              ,5.2,12,A8           ,Z         ,17.2,10.8,14.3,20,337,3,3, ,23
Subcompact              ,2.0,4,AM7          ,X         ,8.7,6.8,7.9,36,183,6,7, ,24
Compact                 ,2.0,4,AM7          ,Z         ,9.7,7.4,8.7,32,203,5,5, ,25
Station wagon: Small    ,2.0,4,AM7          ,Z         ,10.1,7.9,9.1,31,214,5,5, ,26
Subcompact              ,2.0,4,AM7          ,Z         ,9.9,7.6,8.9,32,208,5,5, ,27
Subcompact              ,2.0,4,AM7          ,Z         ,9.7,7.4,8.7,32,203,5,5, ,28
Mid-size                ,2.0,4,AM7          ,Z         ,9.7,7.4,8.7,32,203,5,5, ,29
Mid-size                ,2.0,4,AM7          ,Z         ,10.0,7.5,8.9,32,207,5,5, ,30
Mid-size                ,3.0,6,AM7          ,Z         ,11.1,7.8,9.6,29,224,5,5, ,31
Station wagon: Mid-size ,3.0,6,AM7          ,Z         ,11.1,7.8,9.6,29,224,5,5, ,32
Mid-size                ,3.0,6,AM7          ,Z         ,11.1,7.8,9.6,29,224,5,5, ,33
Full-size               ,3.0,6,AS8          ,Z         ,12.5,8.3,10.6,27,247,5,5, ,34
SUV: Small              ,2.0,4,AS8          ,X         ,10.9,8.0,9.6,29,224,5,6, ,35
SUV: Small              ,2.0,4,AS8          ,X         ,11.2,8.4,10.0,28,233,5,7, ,36
SUV: Small              ,2.0,4,AM7          ,Z         ,10.2,8.2,9.3,30,217,5,1, ,37
SUV: Small              ,2.0,4,AM7          ,Z         ,10.6,8.2,9.5,30,223,5,5, ,38
SUV: Small              ,2.0,4,AM7          ,Z         ,10.6,8.2,9.5,30,223,5,5, ,39
SUV: Standard           ,2.0,4,AS8          ,Z         ,12.2,9.5,11.0,26,257,4,5, ,40
SUV: Standard           ,3.0,6,AS8          ,Z         ,12.9,10.9,12.0,24,281,4,5, ,41
SUV: Standard           ,3.0,6,AS8          ,Z         ,12.8,10.4,11.7,24,273,4,5, ,42
Two-seater              ,5.2,10,AM7          ,Z         ,16.6,10.2,13.7,21,320,3,1, ,43
Two-seater              ,5.2,10,AM7          ,Z         ,17.7,12.8,15.5,18,361,2,1, ,44
Two-seater              ,5.2,10,AM7          ,Z         ,16.6,10.2,13.7,21,320,3,1, ,45
Two-seater              ,5.2,10,AM7          ,Z         ,17.7,12.8,15.5,18,361,2,1, ,46
Two-seater              ,5.2,10,AM7          ,Z         ,16.2,11.2,14.0,20,328,3,1, ,47
Subcompact              ,2.9,6,AS8          ,Z         ,13.2,9.2,11.4,25,266,4,5, ,48
Mid-size                ,2.9,6,AS8          ,Z         ,13.2,9.3,11.5,25,267,4,5, ,49
Station wagon: Mid-size ,4.0,8,AS8          ,Z         ,16.4,11.1,14.1,20,328,3,3, ,50
Mid-size                ,4.0,8,AS8          ,Z         ,16.4,11.1,14.1,20,328,3,3, ,51
SUV: Standard           ,4.0,8,AS8          ,Z         ,17.5,11.9,15.0,19,349,3,3, ,52
Subcompact              ,2.0,4,AM7          ,Z         ,10.2,7.3,8.9,32,207,5,5, ,53
Compact                 ,3.0,6,AS8          ,Z         ,11.1,8.0,9.7,29,226,5,5, ,54
Subcompact              ,3.0,6,AS8          ,Z         ,11.3,8.4,10.0,28,233,5,5, ,55
Subcompact              ,3.0,6,AS8          ,Z         ,11.1,8.0,9.7,29,226,5,5, ,56
Mid-size                ,3.0,6,AS8          ,Z         ,11.1,8.0,9.7,29,226,5,5, ,57
Mid-size                ,2.9,6,AS8          ,Z         ,12.3,9.0,10.8,26,254,5,5, ,58
Mid-size                ,2.9,6,AS8          ,Z         ,12.3,9.0,10.8,26,254,5,5, ,59
Full-size               ,4.0,8,AS8          ,Z         ,15.9,10.3,13.4,21,313,4,3, ,60
SUV: Small              ,3.0,6,AS8          ,Z         ,12.5,9.7,11.2,25,262,4,5, ,61
SUV: Small              ,3.0,6,AS8          ,Z         ,12.5,9.7,11.2,25,262,4,5, ,62
SUV: Standard           ,4.0,8,AS8          ,Z         ,16.1,11.3,13.9,20,325,3,3, ,63
SUV: Standard           ,4.0,8,AS8          ,Z         ,16.1,11.3,13.9,20,325,3,3, ,64
Subcompact              ,2.0,4,AM7          ,X         ,10.5,8.0,9.4,30,221,5,7, ,65
Two-seater              ,2.0,4,AM7          ,X         ,10.5,8.0,9.4,30,221,5,7, ,66
Subcompact              ,2.0,4,AM7          ,Z         ,10.0,7.7,9.0,31,209,5,3, ,67
SUV: Standard           ,4.0,8,AS8          ,Z         ,16.2,11.2,14.0,20,328,3,3, ,68
SUV: Standard           ,4.0,8,AS8          ,Z         ,16.2,11.2,14.0,20,328,3,3, ,69
SUV: Standard           ,6.0,12,AS8          ,Z         ,19.3,12.7,16.3,17,383,2,3, ,70
Subcompact              ,4.0,8,AM8          ,Z         ,15.3,10.4,13.1,22,307,4,3, ,71
Subcompact              ,6.0,12,AM8          ,Z         ,19.6,12.0,16.2,17,379,2,3, ,72
Minicompact             ,4.0,8,AM8          ,Z         ,15.8,10.5,13.4,21,315,4,3, ,73
Minicompact             ,6.0,12,AM8          ,Z         ,20.3,12.9,17.0,17,395,2,3, ,74
Mid-size                ,4.0,8,AM8          ,Z         ,15.9,10.8,13.6,21,319,3,3, ,75
Mid-size                ,6.0,12,AM8          ,Z         ,19.2,12.2,16.0,18,373,2,3, ,76
Subcompact              ,2.0,4,AS8          ,Z         ,9.6,6.9,8.4,34,195,6,3, ,77
Compact                 ,2.0,4,AS8          ,Z         ,9.8,7.0,8.6,33,200,6,7, ,78
Subcompact              ,2.0,4,AS8          ,Z         ,10.1,7.1,8.7,32,203,5,7, ,79
Subcompact              ,2.0,4,AS8          ,Z         ,10.1,7.1,8.7,32,203,5,7, ,80
Mid-size                ,2.0,4,AS8          ,Z         ,10.1,7.5,8.9,32,206,5,7, ,81
Mid-size                ,3.0,6,AS8          ,Z         ,10.5,8.1,9.4,30,219,5,5, ,82
Full-size               ,4.4,8,AS8          ,Z         ,13.0,9.1,11.3,25,261,4,5, ,83
Mid-size                ,4.4,8,AS8          ,Z         ,14.1,9.9,12.2,23,284,4,3, ,84
SUV: Standard           ,4.4,8,AS8          ,Z         ,15.2,11.6,13.6,21,314,4,5, ,85
Subcompact              ,3.0,6,AS8          ,Z         ,14.6,10.3,12.7,22,294,4,5, ,86
Subcompact              ,3.0,6,M6           ,Z         ,14.3,10.0,12.4,23,287,4,5, ,87
Subcompact              ,3.0,6,AS8          ,Z         ,10.4,7.4,9.0,31,210,5,5, ,88
Compact                 ,3.0,6,M6           ,Z         ,14.7,10.1,12.6,22,293,4,5, ,89
Compact                 ,3.0,6,AS8          ,Z         ,14.6,10.5,12.7,22,296,4,5, ,90
Compact                 ,3.0,6,AS8          ,Z         ,10.3,7.4,9.0,31,210,5,5, ,91
Subcompact              ,3.0,6,AS8          ,Z         ,15.1,10.4,12.9,22,301,4,5, ,92
Subcompact              ,3.0,6,M6           ,Z         ,14.7,10.1,12.6,22,293,4,5, ,93
Subcompact              ,3.0,6,AS8          ,Z         ,14.6,10.5,12.7,22,296,4,5, ,94
Subcompact              ,3.0,6,AS8          ,Z         ,15.0,10.3,12.9,22,301,4,5, ,95
Subcompact              ,3.0,6,AS8          ,Z         ,10.6,7.7,9.3,30,216,5,5, ,96
Subcompact              ,3.0,6,AS8          ,Z         ,10.7,7.6,9.3,30,216,5,5, ,97
Mid-size                ,4.4,8,AS8          ,Z         ,16.1,11.1,13.8,20,324,3,3, ,98
Mid-size                ,4.4,8,AS8          ,Z         ,16.1,11.1,13.8,20,324,3,3, ,99
Mid-size                ,4.4,8,AS8          ,Z         ,14.0,9.5,12.0,24,277,4,3, ,100
Subcompact              ,4.4,8,AS8          ,Z         ,16.1,10.9,13.7,21,321,3,3, ,101
Subcompact              ,4.4,8,AS8          ,Z         ,16.1,10.9,13.7,21,321,3,3, ,102
Mid-size                ,4.4,8,AS8          ,Z         ,16.1,10.9,13.7,21,321,3,3, ,103
Subcompact              ,4.4,8,AS8          ,Z         ,14.1,9.9,12.2,23,284,4,3, ,104
Subcompact              ,4.4,8,AS8          ,Z         ,14.1,9.9,12.2,23,284,4,3, ,105
Mid-size                ,4.4,8,AS8          ,Z         ,14.1,9.9,12.2,23,284,4,3, ,106
SUV: Small              ,2.0,4,AM7          ,Z         ,9.6,7.0,8.4,34,195,6,8, ,107
SUV: Small              ,2.0,4,AS8          ,Z         ,11.0,8.4,9.9,29,229,5,7, ,108
SUV: Small              ,3.0,6,AS8          ,Z         ,15.7,11.7,13.9,20,323,3,3, ,109
SUV: Small              ,3.0,6,AS8          ,Z         ,15.7,11.7,13.9,20,323,3,3, ,110
SUV: Small              ,3.0,6,AS8          ,Z         ,10.9,9.0,10.1,28,235,5,5, ,111
SUV: Small              ,2.0,4,AS8          ,Z         ,11.0,8.4,9.9,29,229,5,7, ,112
SUV: Small              ,3.0,6,AS8          ,Z         ,15.7,11.7,13.9,20,323,3,3, ,113
SUV: Small              ,3.0,6,AS8          ,Z         ,15.7,11.7,13.9,20,323,3,3, ,114
SUV: Small              ,3.0,6,AS8          ,Z         ,10.9,9.0,10.1,28,235,5,5, ,115
SUV: Standard           ,3.0,6,AS8          ,Z         ,11.4,9.3,10.4,27,242,5,3, ,116
SUV: Standard           ,4.4,8,AS8          ,Z         ,17.9,13.0,15.7,18,364,2,3, ,117
SUV: Standard           ,4.4,8,AS8          ,Z         ,17.9,13.0,15.7,18,364,2,3, ,118
SUV: Standard           ,4.4,8,AS8          ,Z         ,14.7,10.9,13.0,22,302,4,3, ,119
SUV: Standard           ,3.0,6,AS8          ,Z         ,11.4,9.3,10.4,27,242,5,3, ,120
SUV: Standard           ,4.4,8,AS8          ,Z         ,17.9,13.0,15.7,18,364,2,3, ,121
SUV: Standard           ,4.4,8,AS8          ,Z         ,17.9,13.0,15.7,18,364,2,3, ,122
SUV: Standard           ,4.4,8,AS8          ,Z         ,14.7,10.9,13.0,22,302,4,3, ,123
SUV: Standard           ,3.0,6,AS8          ,Z         ,11.3,9.5,10.5,27,243,5,7, ,124
SUV: Standard           ,4.4,8,AS8          ,Z         ,14.3,11.1,12.9,22,299,4,5, ,125
Two-seater              ,2.0,4,AS8          ,Z         ,9.4,7.1,8.4,34,194,6,7, ,126
Two-seater              ,3.0,6,AS8          ,Z         ,10.4,7.5,9.1,31,210,5,5, ,127
Two-seater              ,8.0,16,AM7          ,Z         ,26.8,16.6,22.2,13,522,1,1, ,128
Two-seater              ,8.0,16,AM7          ,Z         ,30.3,20.9,26.1,11,608,1,1, ,129
Two-seater              ,8.0,16,AM7          ,Z         ,30.3,20.9,26.1,11,608,1,1, ,130
SUV: Standard           ,3.6,6,A9           ,X         ,13.6,9.6,11.8,24,277,4,6, ,131
SUV: Small              ,1.2,3,AV           ,X         ,8.0,7.6,7.8,36,184,6,7, ,132
SUV: Small              ,1.3,3,AV           ,X         ,8.2,7.4,7.9,36,185,6,7, ,133
SUV: Small              ,1.3,3,A9           ,X         ,9.0,8.3,8.6,33,202,5,7, ,134
SUV: Small              ,2.0,4,AS9          ,X         ,10.2,7.5,9.0,31,211,5,7, ,135
SUV: Small              ,2.0,4,AS9          ,X         ,10.5,8.2,9.5,30,222,5,7, ,136
Compact                 ,2.0,4,AS8          ,Z         ,10.2,7.0,8.8,32,206,5,7, ,137
Compact                 ,2.7,4,AS10         ,Z         ,11.0,7.6,9.5,30,221,5,6, ,138
Compact                 ,2.0,4,AS8          ,Z         ,10.5,7.6,9.2,31,216,5,7, ,139
Compact                 ,2.7,4,AS10         ,Z         ,11.3,8.1,9.9,29,231,5,6, ,140
Compact                 ,2.7,4,AS10         ,Z         ,11.9,8.2,10.2,28,239,5,6, ,141
Compact                 ,2.7,4,AS10         ,Z         ,12.0,8.4,10.4,27,244,5,6, ,142
Compact                 ,3.6,6,AS10         ,Z         ,15.0,9.7,12.6,22,297,4,5, ,143
Compact                 ,3.6,6,M6           ,Z         ,15.2,10.2,13.0,22,303,4,5, ,144
Mid-size                ,2.0,4,AS10         ,Z         ,10.3,7.1,8.8,32,207,5,7, ,145
Mid-size                ,3.0,6,AS10         ,Z         ,12.4,8.7,10.7,26,252,5,5, ,146
Mid-size                ,2.0,4,AS10         ,Z         ,10.9,7.8,9.5,30,222,5,7, ,147
Mid-size                ,3.0,6,AS10         ,Z         ,13.1,9.1,11.3,25,265,4,5, ,148
Mid-size                ,3.0,6,AS10         ,Z         ,13.1,8.8,11.2,25,263,4,5, ,149
Mid-size                ,3.0,6,AS10         ,Z         ,13.1,9.1,11.3,25,265,4,5, ,150
Mid-size                ,6.2,8,AS10         ,Z         ,17.9,11.0,14.8,19,347,3,3, ,151
Mid-size                ,6.2,8,M6           ,Z         ,18.4,11.4,15.2,19,368,2,3, ,152
SUV: Standard           ,3.0,6,A10          ,D         ,11.7,9.0,10.5,27,281,4,3, ,153
SUV: Standard           ,6.2,8,A10          ,Z         ,16.6,13.1,15.0,19,352,3,6, ,154
SUV: Standard           ,6.2,8,AS10         ,Z         ,21.6,14.9,18.6,15,436,1,3, ,155
SUV: Small              ,2.0,4,AS9          ,Z         ,10.2,7.8,9.1,31,214,5,7, ,156
SUV: Small              ,2.0,4,AS9          ,Z         ,10.9,8.2,9.7,29,228,5,7, ,157
SUV: Small              ,2.0,4,AS9          ,Z         ,10.9,8.2,9.7,29,228,5,7, ,158
SUV: Small              ,2.0,4,AS9          ,Z         ,11.2,8.7,10.1,28,237,5,7, ,159
SUV: Small              ,3.6,6,AS9          ,X         ,12.9,9.3,11.3,25,265,4,6, ,160
SUV: Small              ,2.0,4,AS9          ,Z         ,11.2,9.0,10.2,28,239,5,7, ,161
SUV: Small              ,3.6,6,AS9          ,X         ,13.1,9.5,11.5,25,269,4,6, ,162
SUV: Small              ,2.0,4,A9           ,X         ,10.6,8.0,9.4,30,227,5,7, ,163
SUV: Small              ,2.0,4,A9           ,X         ,10.8,8.7,9.9,29,232,5,7, ,164
SUV: Small              ,3.6,6,A9           ,X         ,12.6,9.2,11.0,26,259,4,6, ,165
Subcompact              ,2.0,4,AS8          ,Z         ,10.9,7.8,9.5,30,222,5,5, ,166
Subcompact              ,2.0,4,M6           ,Z         ,12.6,8.3,10.7,26,249,5,5, ,167
Subcompact              ,3.6,6,AS10         ,X         ,12.8,8.2,10.7,26,253,5,6, ,168
Subcompact              ,3.6,6,M6           ,X         ,14.4,9.1,12.0,24,281,4,6, ,169
Subcompact              ,6.2,8,AS10         ,Z         ,14.6,8.9,12.0,24,281,4,1, ,170
Subcompact              ,6.2,8,M6           ,Z         ,14.9,9.9,12.6,22,297,4,1, ,171
Subcompact              ,6.2,8,AS10         ,Z         ,18.3,11.2,15.1,19,355,3,1, ,172
Subcompact              ,6.2,8,M6           ,Z         ,17.2,12.0,14.9,19,349,3,1, ,173
Pickup truck: Small     ,2.7,4,A8           ,X         ,11.7,9.5,10.7,26,252,5,7, ,174
Pickup truck: Small     ,2.7,4,A8           ,X         ,13.0,10.3,11.8,24,277,4,7, ,175
Pickup truck: Small     ,2.7,4,A8           ,X         ,12.3,10.2,11.3,25,265,4,7, ,176
Pickup truck: Small     ,2.7,4,A8           ,X         ,13.5,11.0,12.4,23,290,4,7, ,177
Pickup truck: Small     ,2.7,4,A8           ,X         ,13.9,12.1,13.1,22,307,4,7, ,178
Pickup truck: Small     ,2.7,4,A8           ,X         ,14.3,14.3,14.3,20,335,3,7, ,179
Two-seater              ,6.2,8,AS8          ,Z         ,15.0,9.8,12.7,22,299,4,5, ,180
Two-seater              ,5.5,8,AS8          ,Z         ,19.4,11.4,15.8,18,371,2,3, ,181
Two-seater              ,5.5,8,AS8          ,Z         ,20.0,12.7,16.7,17,392,2,3, ,182
SUV: Small              ,1.5,4,A6           ,X         ,8.9,7.7,8.4,34,197,6,7, ,183
SUV: Small              ,1.5,4,A6           ,X         ,9.9,7.9,9.0,31,211,5,7, ,184
Mid-size                ,1.5,4,AV           ,X         ,8.6,6.8,7.8,36,181,6,7, ,185
Pickup truck: Standard  ,2.7,4,A8           ,X         ,12.7,11.2,12.0,24,281,4,7, ,186
Pickup truck: Standard  ,3.0,6,A10          ,D         ,10.0,8.1,9.2,31,247,5,5, ,187
Pickup truck: Standard  ,5.3,8,A10          ,X         ,14.0,11.1,12.7,22,298,4,6, ,188
Pickup truck: Standard  ,5.3,8,A10          ,X         ,14.3,11.7,13.1,22,308,4,5, ,189
Pickup truck: Standard  ,5.3,8,A10          ,E         ,19.6,15.3,17.7,16,293,4,5, ,190
Pickup truck: Standard  ,2.7,4,A8           ,X         ,12.9,11.5,12.2,23,288,4,7, ,191
Pickup truck: Standard  ,2.7,4,A8           ,X         ,13.8,13.2,13.6,21,318,3,7, ,192
Pickup truck: Standard  ,3.0,6,A10          ,D         ,10.7,8.7,9.8,29,264,4,5, ,193
Pickup truck: Standard  ,3.0,6,A10          ,D         ,11.1,10.2,10.7,26,288,4,5, ,194
Pickup truck: Standard  ,5.3,8,A10          ,X         ,14.8,11.8,13.5,21,325,3,6, ,195
Pickup truck: Standard  ,5.3,8,A10          ,X         ,15.2,12.2,13.9,20,326,3,5, ,196
Pickup truck: Standard  ,5.3,8,A10          ,E         ,21.3,16.6,19.2,15,318,3,5, ,197
Pickup truck: Standard  ,5.3,8,A10          ,X         ,15.8,13.2,14.6,19,343,3,6, ,198
Pickup truck: Standard  ,5.3,8,A10          ,X         ,15.2,12.2,13.9,20,326,3,5, ,199
Pickup truck: Standard  ,5.3,8,A10          ,E         ,21.3,16.6,19.2,15,318,3,5, ,200
Pickup truck: Standard  ,6.2,8,A10          ,Z         ,14.9,12.0,13.6,21,319,3,6, ,201
Pickup truck: Standard  ,6.2,8,A10          ,Z         ,16.7,12.7,14.9,19,349,3,6, ,202
Pickup truck: Standard  ,6.2,8,A10          ,Z         ,16.7,14.0,15.5,18,364,2,6, ,203
SUV: Standard           ,3.0,6,A10          ,D         ,11.2,8.7,10.1,28,272,4,3, ,204
SUV: Standard           ,5.3,8,A10          ,X         ,15.8,11.8,14.0,20,327,3,6, ,205
SUV: Standard           ,3.0,6,A10          ,D         ,11.7,9.0,10.5,27,281,4,3, ,206
SUV: Standard           ,5.3,8,A10          ,X         ,16.0,12.7,14.5,19,339,3,6, ,207
SUV: Standard           ,6.2,8,A10          ,Z         ,16.6,13.1,15.0,19,352,3,6, ,208
SUV: Standard           ,3.0,6,A10          ,D         ,11.0,8.5,9.9,29,265,4,3, ,209
SUV: Standard           ,5.3,8,A10          ,X         ,15.8,11.8,14.0,20,327,3,6, ,210
SUV: Standard           ,3.0,6,A10          ,D         ,11.7,9.0,10.5,27,281,4,3, ,211
SUV: Standard           ,5.3,8,A10          ,X         ,15.8,11.8,14.0,20,327,3,6, ,212
SUV: Standard           ,6.2,8,A10          ,Z         ,16.6,13.1,15.0,19,352,3,6, ,213
SUV: Small              ,1.2,3,AV           ,X         ,8.0,7.6,7.8,36,184,6,7, ,214
SUV: Small              ,1.3,3,AV           ,X         ,8.1,7.2,7.7,37,180,6,7, ,215
SUV: Small              ,1.3,3,A9           ,X         ,8.9,7.8,8.4,34,197,6,7, ,216
SUV: Standard           ,3.6,6,A9           ,X         ,13.6,9.6,11.8,24,277,4,6, ,217
Full-size               ,3.6,6,A8           ,X         ,12.4,7.8,10.3,27,242,5,5, ,218
Full-size               ,5.7,8,A8           ,X         ,14.7,9.4,12.3,23,289,4,3, ,219
Full-size               ,3.6,6,A8           ,X         ,12.8,8.7,11.0,26,258,4,5, ,220
Full-size               ,6.4,8,A8           ,Z         ,15.9,9.6,13.1,22,307,4,1, ,221
Minivan                 ,3.6,6,A9           ,X         ,12.4,8.4,10.6,27,249,5,7, ,222
Minivan                 ,3.6,6,A9           ,X         ,12.4,8.4,10.6,27,249,5,7, ,223
Minivan                 ,3.6,6,A9           ,X         ,14.1,9.4,12.0,24,279,4,7, ,224
Mid-size                ,3.6,6,A8           ,X         ,12.4,7.8,10.3,27,242,5,5, ,225
Mid-size                ,5.7,8,A8           ,X         ,14.7,9.4,12.3,23,289,4,3, ,226
Mid-size                ,5.7,8,M6           ,Z         ,15.6,10.1,13.1,22,307,4,1, ,227
Mid-size                ,6.4,8,A8           ,Z         ,15.9,9.6,13.1,22,307,4,1, ,228
Mid-size                ,6.4,8,M6           ,Z         ,16.7,10.4,13.9,20,325,3,1, ,229
Mid-size                ,3.6,6,A8           ,X         ,12.8,8.7,11.0,26,258,4,5, ,230
Mid-size                ,6.4,8,A8           ,Z         ,15.9,9.6,13.1,22,307,4,1, ,231
Mid-size                ,6.4,8,M6           ,Z         ,16.7,10.4,13.9,20,325,3,1, ,232
Mid-size                ,6.2,8,A8           ,Z         ,17.6,10.7,14.5,19,339,3,1, ,233
Mid-size                ,6.2,8,M6           ,Z         ,18.1,11.4,15.1,19,352,3,1, ,234
Mid-size                ,6.2,8,A8           ,Z         ,18.6,11.4,15.4,18,359,2,1, ,235
Mid-size                ,6.2,8,M6           ,Z         ,18.1,11.4,15.1,19,352,3,1, ,236
Full-size               ,3.6,6,A8           ,X         ,12.4,7.8,10.3,27,242,5,5, ,237
Full-size               ,5.7,8,A8           ,X         ,14.7,9.4,12.3,23,289,4,3, ,238
Full-size               ,6.4,8,A8           ,Z         ,15.9,9.6,13.1,22,307,4,1, ,239
Full-size               ,3.6,6,A8           ,X         ,12.8,8.7,11.0,26,258,4,5, ,240
Full-size               ,6.4,8,A8           ,Z         ,15.9,9.6,13.1,22,307,4,1, ,241
Full-size               ,6.2,8,A8           ,Z         ,19.0,11.5,15.6,18,368,2,1, ,242
SUV: Standard           ,3.6,6,A8           ,X         ,13.0,9.4,11.3,25,266,4,7, ,243
SUV: Standard           ,5.7,8,A8           ,X         ,16.7,10.9,14.1,20,331,3,5, ,244
SUV: Standard           ,6.4,8,A8           ,Z         ,18.3,12.2,15.6,18,363,2,1, ,245
SUV: Standard           ,6.2,8,A8           ,Z         ,20.5,13.8,17.4,16,410,1,1, ,246
SUV: Small              ,2.0,4,A9           ,X         ,11.2,8.2,9.9,29,231,5,7, ,247
SUV: Small              ,1.3,4,A9           ,X         ,10.0,7.9,9.1,31,221,5,6, ,248
SUV: Small              ,2.3,4,AS10         ,X         ,12.1,11.1,11.6,24,273,4,5, ,249
SUV: Small              ,2.3,4,M7           ,X         ,11.9,11.2,11.6,24,272,4,5, ,250
SUV: Small              ,2.7,6,AS10         ,X         ,12.5,11.5,12.0,24,283,4,5, ,251
SUV: Small              ,2.3,4,AS10         ,X         ,13.8,13.8,13.8,20,324,3,5, ,252
SUV: Small              ,2.3,4,M7           ,X         ,14.7,13.8,14.3,20,336,3,5, ,253
SUV: Small              ,2.7,6,AS10         ,X         ,14.1,14.1,14.1,20,331,3,5, ,254
SUV: Small              ,2.3,4,AS10         ,X         ,13.1,13.1,13.1,22,308,4,5, ,255
SUV: Small              ,2.3,4,M7           ,X         ,14.7,13.1,14.0,20,329,3,5, ,256
SUV: Small              ,2.7,6,AS10         ,X         ,13.1,13.1,13.1,22,308,4,5, ,257
SUV: Standard           ,3.0,6,AS10         ,X         ,15.7,14.8,15.3,18,358,2,5, ,258
SUV: Small              ,2.3,4,AS10         ,X         ,13.1,13.8,13.4,21,314,4,5, ,259
SUV: Small              ,2.3,4,M7           ,X         ,14.7,13.1,14.0,20,329,3,5, ,260
SUV: Small              ,2.7,6,AS10         ,X         ,14.1,14.1,14.1,20,331,3,5, ,261
SUV: Small              ,1.5,3,A8           ,X         ,9.3,8.4,8.9,32,209,5,7, ,262
SUV: Small              ,2.0,4,AS8          ,X         ,11.1,9.0,10.2,28,240,5,6, ,263
SUV: Small              ,2.0,4,A8           ,X         ,11.6,8.5,10.2,28,239,5,6, ,264
SUV: Small              ,2.0,4,AS8          ,X         ,11.5,8.4,10.1,28,238,5,6, ,265
SUV: Small              ,2.7,6,AS8          ,X         ,12.7,9.3,11.2,25,262,4,6, ,266
SUV: Small              ,1.5,3,A8           ,X         ,8.9,6.9,8.0,35,188,6,8, ,267
SUV: Small              ,1.5,3,A8           ,X         ,9.2,7.4,8.4,34,197,6,8, ,268
SUV: Small              ,2.0,4,A8           ,X         ,10.2,7.6,9.1,31,211,5,7, ,269
SUV: Small              ,2.5,4,AV           ,X         ,5.6,6.5,6.0,47,140,7,8, ,270
SUV: Small              ,2.5,4,AV           ,X         ,5.6,6.5,6.0,47,140,7,8, ,271
SUV: Standard           ,3.5,6,AS10         ,X         ,14.7,10.6,12.9,22,302,4,6, ,272
SUV: Standard           ,3.5,6,AS10         ,X         ,15.4,11.2,13.5,21,318,3,6, ,273
SUV: Standard           ,3.5,6,AS10         ,X         ,14.5,12.3,13.5,21,318,3,6, ,274
SUV: Standard           ,3.5,6,AS10         ,X         ,15.2,12.3,13.9,20,327,3,6, ,275
SUV: Standard           ,2.3,4,A10          ,X         ,11.6,8.7,10.3,27,241,5,7, ,276
SUV: Standard           ,2.3,4,A10          ,X         ,12.0,9.0,10.7,26,251,5,7, ,277
SUV: Standard           ,3.0,6,A10          ,X         ,13.4,9.8,11.8,24,277,4,5, ,278
SUV: Standard           ,3.0,6,A10          ,X         ,13.8,9.6,11.9,24,280,4,5, ,279
SUV: Standard           ,3.0,6,AS10         ,X         ,13.4,9.8,11.8,24,277,4,5, ,280
SUV: Standard           ,3.0,6,AS10         ,X         ,13.9,9.7,12.0,23,282,4,5, ,281
SUV: Standard           ,2.3,4,AS10         ,X         ,12.2,10.5,11.5,25,269,4,7, ,282
SUV: Standard           ,2.3,4,AS10         ,X         ,12.5,11.0,11.8,24,277,4,7, ,283
SUV: Standard           ,3.3,6,A10          ,X         ,10.1,9.0,9.6,29,225,5,6, ,284
Pickup truck: Standard  ,2.7,6,AS10         ,X         ,12.0,9.2,10.7,26,252,5,6, ,285
Pickup truck: Standard  ,2.7,6,AS10         ,X         ,13.0,9.6,11.5,25,269,4,6, ,286
Pickup truck: Standard  ,3.3,6,AS10         ,X         ,12.2,9.8,11.1,25,261,4,6, ,287
Pickup truck: Standard  ,3.3,6,AS10         ,E         ,16.8,12.8,15.0,19,244,5,6, ,288
Pickup truck: Standard  ,3.3,6,AS10         ,X         ,12.5,10.2,11.5,25,268,4,6, ,289
Pickup truck: Standard  ,3.3,6,AS10         ,E         ,17.5,12.4,15.2,19,253,5,6, ,290
Pickup truck: Standard  ,3.5,6,AS10         ,X         ,13.4,10.2,12.0,24,281,4,6, ,291
Pickup truck: Standard  ,5.0,8,AS10         ,X         ,14.1,10.2,12.4,23,291,4,5, ,292
Pickup truck: Standard  ,5.0,8,AS10         ,E         ,19.4,13.2,16.6,17,270,4,5, ,293
Pickup truck: Standard  ,5.0,8,AS10         ,X         ,14.6,10.4,12.7,22,300,4,5, ,294
Pickup truck: Standard  ,5.0,8,AS10         ,E         ,19.9,13.8,17.2,16,279,4,5, ,295
Pickup truck: Standard  ,2.7,6,AS10         ,X         ,12.8,10.0,11.5,25,271,4,6, ,296
Pickup truck: Standard  ,2.7,6,AS10         ,X         ,13.5,10.2,12.0,24,280,4,6, ,297
Pickup truck: Standard  ,3.3,6,AS10         ,X         ,12.6,10.7,11.8,24,277,4,6, ,298
Pickup truck: Standard  ,3.3,6,AS10         ,E         ,17.1,13.1,15.3,18,247,5,6, ,299
Pickup truck: Standard  ,3.5,6,AS10         ,X         ,13.6,10.3,12.1,23,284,4,6, ,300
Pickup truck: Standard  ,3.5,6,AS10         ,X         ,14.6,11.0,13.0,22,308,4,6, ,301
Pickup truck: Standard  ,5.0,8,AS10         ,X         ,14.2,10.9,12.7,22,298,4,5, ,302
Pickup truck: Standard  ,5.0,8,AS10         ,E         ,19.7,13.8,17.1,17,278,4,5, ,303
Pickup truck: Standard  ,5.0,8,AS10         ,X         ,15.0,10.9,13.2,21,309,4,5, ,304
Pickup truck: Standard  ,5.0,8,AS10         ,E         ,20.4,14.1,17.6,16,286,4,5, ,305
Pickup truck: Standard  ,3.5,6,AS10         ,X         ,15.8,13.2,14.6,19,344,3,6, ,306
Pickup truck: Standard  ,3.5,6,AS10         ,X         ,16.8,13.2,15.2,19,357,2,6, ,307
Pickup truck: Standard  ,3.5,6,AS10         ,X         ,16.0,14.4,15.3,18,359,2,6, ,308
Pickup truck: Standard  ,3.5,6,AS10         ,X         ,16.6,14.8,15.8,18,370,2,6, ,309
Pickup truck: Standard  ,5.2,8,AS10         ,X         ,22.8,15.9,19.7,14,460,1,5, ,310
Pickup truck: Standard  ,3.5,6,AS10         ,X         ,14.3,11.8,13.1,22,309,4,6, ,311
Pickup truck: Standard  ,3.5,6,AS10         ,X         ,14.6,11.6,13.3,21,311,4,6, ,312
Pickup truck: Standard  ,5.0,8,AS10         ,X         ,15.2,11.9,13.7,21,321,3,5, ,313
Pickup truck: Standard  ,5.0,8,AS10         ,E         ,20.3,15.2,18.0,16,295,4,5, ,314
Pickup truck: Standard  ,5.0,8,AS10         ,X         ,15.4,11.8,13.8,20,322,3,5, ,315
Pickup truck: Standard  ,5.0,8,AS10         ,E         ,20.7,15.0,18.1,16,298,4,5, ,316
Pickup truck: Standard  ,3.5,6,AS10         ,X         ,10.1,10.1,10.1,28,236,5,6, ,317
Pickup truck: Standard  ,3.5,6,AS10         ,X         ,10.5,10.4,10.4,27,245,5,6, ,318
Pickup truck: Small     ,2.0,4,A8           ,X         ,10.9,8.4,9.8,29,230,5,6, ,319
Pickup truck: Small     ,2.0,4,A8           ,X         ,11.9,9.9,11.0,26,257,4,6, ,320
Pickup truck: Small     ,2.5,4,AV           ,X         ,5.8,7.1,6.4,44,149,7,7, ,321
Subcompact              ,2.3,4,A10          ,X         ,11.0,7.4,9.3,30,220,5,5, ,322
Subcompact              ,2.3,4,AS10         ,X         ,11.6,8.1,10.0,28,235,5,5, ,323
Subcompact              ,2.3,4,AS10         ,X         ,11.7,8.6,10.3,27,242,5,5, ,324
Subcompact              ,2.3,4,M6           ,X         ,11.6,8.3,10.1,28,238,5,5, ,325
Subcompact              ,2.3,4,M6           ,X         ,11.9,8.7,10.5,27,246,5,5, ,326
Subcompact              ,5.0,8,AS10         ,X         ,15.2,9.7,12.7,22,299,4,5, ,327
Subcompact              ,5.0,8,M6           ,X         ,16.2,10.2,13.5,21,317,3,5, ,328
Subcompact              ,2.3,4,A10          ,X         ,11.8,8.3,10.2,28,240,5,5, ,329
Subcompact              ,2.3,4,AS10         ,X         ,12.0,8.5,10.4,27,244,5,5, ,330
Subcompact              ,2.3,4,AS10         ,X         ,12.1,8.9,10.7,26,252,5,5, ,331
Subcompact              ,2.3,4,M6           ,X         ,11.8,8.6,10.4,27,244,5,5, ,332
Subcompact              ,2.3,4,M6           ,X         ,12.3,9.2,10.9,26,256,5,5, ,333
Subcompact              ,5.0,8,AS10         ,X         ,15.8,10.4,13.4,21,313,4,5, ,334
Subcompact              ,5.0,8,AS10         ,X         ,15.2,10.1,12.9,22,303,4,5, ,335
Subcompact              ,5.0,8,M6           ,X         ,17.3,11.3,14.6,19,343,3,5, ,336
Pickup truck: Standard  ,2.3,4,AS10         ,X         ,11.8,9.6,10.8,26,255,5,3, ,337
Pickup truck: Standard  ,2.3,4,AS10         ,X         ,12.3,9.7,11.1,25,261,4,3, ,338
Pickup truck: Standard  ,2.3,4,AS10         ,X         ,12.4,12.3,12.4,23,293,4,3, ,339
Special purpose vehicle ,2.0,4,AS8          ,X         ,9.8,8.9,9.4,30,221,5,6, ,340
Special purpose vehicle ,2.0,4,AS8          ,X         ,10.0,8.3,9.2,31,216,5,6, ,341
Compact                 ,2.0,4,AS8          ,Z         ,11.4,8.2,10.0,28,236,5,3, ,342
Compact                 ,3.3,6,AS8          ,Z         ,13.5,9.1,11.5,25,273,4,3, ,343
Full-size               ,2.5,4,AS8          ,Z         ,10.8,7.9,9.5,30,225,5,5, ,344
Full-size               ,3.5,6,AS8          ,Z         ,14.8,9.9,12.6,22,298,4,5, ,345
Full-size               ,3.5,6,AM8          ,Z         ,13.6,9.6,11.8,24,274,4,5, ,346
SUV: Small              ,2.5,4,AS8          ,Z         ,10.7,8.4,9.7,29,229,5,5, ,347
SUV: Small              ,3.5,6,AS8          ,Z         ,12.9,10.0,11.6,24,275,4,5, ,348
SUV: Standard           ,2.5,4,AS8          ,Z         ,11.3,9.5,10.5,27,248,5,5, ,349
SUV: Standard           ,3.5,6,AS8          ,Z         ,12.9,10.4,11.8,24,279,4,5, ,350
SUV: Standard           ,2.0,4,A9           ,X         ,10.8,8.7,9.9,29,232,5,7, ,351
SUV: Standard           ,3.6,6,A9           ,X         ,12.6,9.2,11.0,26,259,4,6, ,352
Pickup truck: Small     ,2.7,4,A8           ,X         ,13.0,10.3,11.8,24,277,4,7, ,353
Pickup truck: Small     ,2.7,4,A8           ,X         ,13.5,11.0,12.4,23,290,4,7, ,354
Pickup truck: Small     ,2.7,4,A8           ,X         ,13.9,12.0,13.1,22,308,4,7, ,355
Pickup truck: Small     ,2.7,4,A8           ,X         ,14.3,14.3,14.3,20,335,3,7, ,356
Pickup truck: Standard  ,2.7,4,A8           ,X         ,12.7,11.2,12.0,24,281,4,7, ,357
Pickup truck: Standard  ,3.0,6,A10          ,D         ,10.0,8.1,9.2,31,247,5,5, ,358
Pickup truck: Standard  ,5.3,8,A10          ,X         ,14.3,11.2,12.9,22,303,4,6, ,359
Pickup truck: Standard  ,5.3,8,A10          ,X         ,14.3,11.7,13.1,22,308,4,5, ,360
Pickup truck: Standard  ,5.3,8,A10          ,E         ,19.6,15.3,17.7,16,293,4,5, ,361
Pickup truck: Standard  ,2.7,4,A8           ,X         ,13.1,11.6,12.4,23,291,4,7, ,362
Pickup truck: Standard  ,2.7,4,A8           ,X         ,13.8,13.2,13.6,21,318,3,7, ,363
Pickup truck: Standard  ,3.0,6,A10          ,D         ,10.7,8.7,9.8,29,264,4,5, ,364
Pickup truck: Standard  ,3.0,6,A10          ,D         ,11.1,10.2,10.7,26,288,4,5, ,365
Pickup truck: Standard  ,5.3,8,A10          ,X         ,14.8,11.8,13.5,21,325,3,6, ,366
Pickup truck: Standard  ,5.3,8,A10          ,X         ,15.2,12.2,13.9,20,326,3,5, ,367
Pickup truck: Standard  ,5.3,8,A10          ,E         ,21.3,16.6,19.2,15,318,3,5, ,368
Pickup truck: Standard  ,5.3,8,A10          ,X         ,16.0,13.2,14.8,19,346,3,6, ,369
Pickup truck: Standard  ,5.3,8,A10          ,X         ,15.2,12.2,13.9,20,326,3,5, ,370
Pickup truck: Standard  ,5.3,8,A10          ,E         ,21.3,16.6,19.2,15,318,3,5, ,371
Pickup truck: Standard  ,6.2,8,A10          ,Z         ,15.4,12.3,14.0,20,330,3,6, ,372
Pickup truck: Standard  ,6.2,8,A10          ,Z         ,16.7,14.0,15.5,18,364,2,6, ,373
Pickup truck: Standard  ,6.2,8,A10          ,Z         ,16.7,14.0,15.5,18,364,2,6, ,374
SUV: Small              ,1.5,4,A9           ,X         ,9.7,8.1,9.0,31,211,5,7, ,375
SUV: Small              ,1.5,4,A9           ,X         ,9.9,8.3,9.2,31,216,5,7, ,376
SUV: Standard           ,3.0,6,A10          ,D         ,11.2,8.7,10.1,28,272,4,3, ,377
SUV: Standard           ,5.3,8,A10          ,X         ,15.8,11.8,14.0,20,327,3,6, ,378
SUV: Standard           ,3.0,6,A10          ,D         ,11.7,9.0,10.5,27,281,4,3, ,379
SUV: Standard           ,5.3,8,A10          ,X         ,15.8,11.8,14.0,20,327,3,6, ,380
SUV: Standard           ,6.2,8,A10          ,Z         ,16.6,13.1,15.0,19,352,3,6, ,381
SUV: Standard           ,3.0,6,A10          ,D         ,11.2,8.7,10.1,28,272,4,3, ,382
SUV: Standard           ,5.3,8,A10          ,X         ,15.8,11.8,14.0,20,327,3,6, ,383
SUV: Standard           ,3.0,6,A10          ,D         ,11.7,9.0,10.5,27,281,4,3, ,384
SUV: Standard           ,5.3,8,A10          ,X         ,16.0,12.7,14.5,19,339,3,6, ,385
SUV: Standard           ,6.2,8,A10          ,Z         ,16.6,13.1,15.0,19,352,3,6, ,386
Full-size               ,1.5,4,AV           ,X         ,8.1,6.4,7.3,39,171,6,7, ,387
Mid-size                ,2.0,4,AV           ,X         ,5.0,5.7,5.3,53,124,8,7, ,388
Full-size               ,1.5,4,AV7          ,X         ,7.7,6.3,7.1,40,166,6,7, ,389
Full-size               ,1.5,4,M6           ,X         ,8.5,6.3,7.5,38,175,6,6, ,390
Full-size               ,2.0,4,AV           ,X         ,8.0,6.2,7.2,39,167,6,7, ,391
Full-size               ,2.0,4,M6           ,X         ,9.1,6.6,8.0,35,186,6,6, ,392
Mid-size                ,1.5,4,AV7          ,X         ,7.6,6.1,6.9,41,162,7,7, ,393
Mid-size                ,2.0,4,AV           ,X         ,7.7,6.0,6.9,41,162,7,7, ,394
Mid-size                ,2.0,4,AV7          ,X         ,7.8,6.3,7.1,40,165,6,7, ,395
Mid-size                ,1.5,4,M6           ,Z         ,8.7,6.4,7.7,37,180,6,6, ,396
Full-size               ,2.0,4,M6           ,Z         ,10.8,8.3,9.7,29,224,5,6, ,397
SUV: Small              ,1.5,4,AV           ,X         ,8.4,7.1,7.8,36,181,6,7, ,398
SUV: Small              ,1.5,4,AV           ,X         ,9.1,7.6,8.4,34,197,6,6, ,399
SUV: Small              ,2.0,4,AV           ,X         ,6.0,6.9,6.4,44,151,7,7, ,400
Station wagon: Small    ,2.0,4,AV           ,X         ,9.1,7.4,8.3,34,194,6,7, ,401
Station wagon: Small    ,2.0,4,AV           ,X         ,9.4,7.8,8.7,32,203,5,7, ,402
Minivan                 ,3.5,6,AS10         ,X         ,12.2,8.5,10.6,27,248,5,5, ,403
SUV: Small              ,3.5,6,AS9          ,X         ,12.5,9.8,11.3,25,265,4,3, ,404
SUV: Standard           ,3.5,6,AS10         ,X         ,12.4,9.3,11.0,26,258,4,7, ,405
SUV: Standard           ,3.5,6,AS10         ,X         ,12.7,9.4,11.2,25,262,4,7, ,406
SUV: Standard           ,3.5,6,AS10         ,X         ,13.0,10.3,11.8,24,275,4,7, ,407
Pickup truck: Standard  ,3.5,6,AS9          ,X         ,12.8,9.9,11.5,25,271,4,3, ,408
Mid-size                ,1.6,4,AM7          ,X         ,8.4,6.6,7.6,37,179,6,5, ,409
Mid-size                ,2.0,4,AV1          ,X         ,7.6,5.7,6.7,42,158,7,5, ,410
Mid-size                ,2.0,4,AV1          ,X         ,7.1,5.5,6.4,44,151,7,5, ,411
Mid-size                ,2.0,4,AM8          ,Z         ,12.1,7.9,10.2,28,241,5,3, ,412
Mid-size                ,2.0,4,M6           ,Z         ,10.9,7.7,9.4,30,223,5,3, ,413
Mid-size                ,1.6,4,AM6          ,X         ,4.8,4.5,4.7,60,110,8,7, ,414
SUV: Small              ,2.0,4,AV           ,X         ,8.0,6.6,7.4,38,174,6,7, ,415
SUV: Small              ,2.0,4,AM8          ,Z         ,11.8,8.7,10.4,27,246,5,3, ,416
SUV: Small              ,1.6,4,AM7          ,X         ,8.8,7.4,8.2,34,193,6,5, ,417
SUV: Small              ,2.0,4,AV           ,X         ,8.5,7.2,7.9,36,187,6,7, ,418
SUV: Small              ,3.8,6,AS8          ,X         ,12.6,9.5,11.2,25,263,4,5, ,419
Pickup truck: Small     ,2.5,4,AM8          ,X         ,12.1,8.7,10.6,27,250,5,5, ,420
SUV: Small              ,2.5,4,AM8          ,X         ,11.0,8.5,9.9,29,233,5,5, ,421
SUV: Small              ,2.5,4,AS8          ,X         ,10.6,9.3,10.0,28,235,5,7, ,422
SUV: Small              ,1.6,4,AM6          ,X         ,7.1,7.9,7.4,38,176,6,7, ,423
Full-size               ,1.6,4,AS8          ,X         ,9.0,6.5,7.9,36,186,6,5, ,424
Full-size               ,2.5,4,AM8          ,X         ,10.1,7.2,8.8,32,208,5,5, ,425
Full-size               ,2.5,4,AS8          ,X         ,8.8,6.4,7.7,37,182,6,7, ,426
Full-size               ,2.0,4,AM6          ,X         ,5.3,4.6,5.0,56,117,8,7, ,427
SUV: Small              ,2.5,4,AS8          ,X         ,9.4,7.4,8.5,33,200,6,7, ,428
SUV: Small              ,2.5,4,AS8          ,X         ,10.1,8.3,9.3,30,218,5,7, ,429
SUV: Small              ,1.6,4,AM6          ,X         ,6.3,6.6,6.4,44,152,7,7, ,430
Mid-size                ,1.6,4,AV1          ,X         ,7.9,6.9,7.5,38,177,6,5, ,431
Mid-size                ,3.0,6,AS7          ,Z         ,12.5,8.7,10.8,26,254,5,3, ,432
Mid-size                ,3.0,6,AS7          ,Z         ,12.5,9.3,11.1,25,261,4,3, ,433
SUV: Small              ,2.0,4,AV8          ,Z         ,10.8,8.3,9.7,29,228,5,6, ,434
SUV: Small              ,2.0,4,AV8          ,Z         ,10.4,8.3,9.4,30,222,5,6, ,435
SUV: Standard           ,3.5,6,AS9          ,Z         ,11.9,9.3,10.7,26,251,5,5, ,436
SUV: Standard           ,5.6,8,AS7          ,Z         ,17.5,12.2,15.1,19,355,3,3, ,437
SUV: Small              ,2.0,4,AS9          ,Z         ,11.5,9.2,10.4,27,247,5,7, ,438
SUV: Small              ,2.0,4,AS8          ,Z         ,10.7,8.8,9.9,29,227,5,7, ,439
SUV: Small              ,3.0,6,AS8          ,Z         ,12.1,9.1,10.8,26,253,5,7, ,440
SUV: Small              ,5.0,8,AS8          ,Z         ,15.4,11.0,13.4,21,316,3,3, ,441
Two-seater              ,5.0,8,AS8          ,Z         ,14.1,9.7,12.1,23,286,4,3, ,442
Two-seater              ,5.0,8,AS8          ,Z         ,15.2,9.8,12.7,22,299,4,3, ,443
Two-seater              ,5.0,8,AS8          ,Z         ,14.1,9.7,12.1,23,286,4,3, ,444
Two-seater              ,5.0,8,AS8          ,Z         ,15.2,9.8,12.7,22,299,4,3, ,445
Two-seater              ,5.0,8,AS8          ,Z         ,15.2,9.8,12.7,22,299,4,3, ,446
Two-seater              ,5.0,8,AS8          ,Z         ,15.2,9.8,12.7,22,299,4,3, ,447
Mid-size                ,2.0,4,AS8          ,Z         ,9.4,7.1,8.4,34,197,6,7, ,448
Mid-size                ,2.0,4,AS8          ,Z         ,10.6,7.7,9.3,30,219,5,7, ,449
SUV: Small              ,2.4,4,A9           ,X         ,11.2,8.0,9.8,29,230,5,6, ,450
SUV: Small              ,2.0,4,A9           ,X         ,11.8,9.2,10.6,27,249,5,5, ,451
SUV: Small              ,2.0,4,A8           ,X         ,9.9,7.4,8.8,32,205,5,7, ,452
Pickup truck: Standard  ,3.0,6,A8           ,D         ,10.8,8.5,9.8,29,263,4,1, ,453
Pickup truck: Standard  ,3.0,6,A8           ,D         ,11.0,8.7,10.0,28,271,4,1, ,454
Pickup truck: Standard  ,3.6,6,A8           ,X         ,13.7,10.7,12.3,23,290,4,7, ,455
Pickup truck: Standard  ,3.6,6,M6           ,X         ,14.3,10.4,12.6,22,296,4,5, ,456
SUV: Standard           ,3.6,6,A8           ,X         ,12.3,9.2,10.9,26,256,5,7, ,457
SUV: Standard           ,5.7,8,A8           ,X         ,16.7,10.9,14.1,20,331,3,5, ,458
SUV: Standard           ,3.6,6,A8           ,X         ,13.0,9.4,11.3,25,266,4,7, ,459
SUV: Standard           ,5.7,8,A8           ,X         ,16.7,10.9,14.1,20,331,3,5, ,460
SUV: Standard           ,3.0,6,A8           ,Z         ,16.3,11.8,14.3,20,334,3,5, ,461
SUV: Standard           ,6.4,8,A8           ,Z         ,18.6,12.8,16.0,18,374,2,1, ,462
SUV: Standard           ,3.0,6,A8           ,Z         ,17.0,12.5,15.0,19,352,3,5, ,463
SUV: Small              ,1.3,4,A9           ,X         ,10.1,8.1,9.2,31,222,5,6, ,464
SUV: Small              ,1.3,4,A9           ,X         ,10.8,8.7,9.9,29,231,5,6, ,465
SUV: Standard           ,3.0,6,A8           ,X         ,14.5,10.1,12.5,23,293,4,6, ,466
SUV: Standard           ,5.7,8,A8           ,X         ,15.6,11.7,13.8,20,324,3,5, ,467
SUV: Standard           ,3.0,6,A8           ,X         ,14.5,10.4,12.7,22,297,4,6, ,468
SUV: Small              ,2.0,4,A8           ,X         ,10.7,9.8,10.3,27,241,5,5, ,469
SUV: Small              ,3.6,6,A8           ,X         ,12.8,10.4,11.8,24,274,4,7, ,470
SUV: Small              ,3.6,6,A8           ,X         ,12.0,9.8,11.0,26,258,4,7, ,471
SUV: Small              ,3.6,6,M6           ,X         ,13.7,9.6,11.8,24,277,4,5, ,472
SUV: Small              ,2.0,4,A8           ,X         ,11.5,9.9,10.8,26,251,5,5, ,473
SUV: Small              ,3.0,6,A8           ,D         ,10.6,8.1,9.5,30,255,5,1, ,474
SUV: Small              ,3.0,6,A8           ,D         ,11.2,9.0,10.2,28,275,4,1, ,475
SUV: Small              ,3.6,6,A8           ,X         ,12.9,10.2,11.7,24,275,4,7, ,476
SUV: Small              ,3.6,6,A8           ,X         ,12.3,9.9,11.2,25,262,4,7, ,477
SUV: Small              ,3.6,6,M6           ,X         ,13.8,10.1,12.2,23,285,4,5, ,478
SUV: Small              ,6.4,8,A8           ,Z         ,18.5,14.1,16.5,17,387,2,1, ,479
Minivan                 ,3.5,6,AS8          ,X         ,12.1,8.9,10.6,27,252,5,5, ,480
Mid-size                ,1.6,4,AM7          ,X         ,8.7,6.6,7.8,36,184,6,5, ,481
Mid-size                ,2.0,4,AV           ,X         ,8.2,6.0,7.2,39,170,6,7, ,482
Full-size               ,1.6,4,AM7          ,X         ,8.9,6.9,8.0,35,190,6,5, ,483
Full-size               ,2.0,4,AV           ,X         ,8.6,6.5,7.7,37,182,6,7, ,484
Full-size               ,2.5,4,AM8          ,X         ,9.9,7.3,8.7,32,207,5,5, ,485
Full-size               ,1.6,4,AS8          ,X         ,9.3,7.0,8.3,34,196,6,5, ,486
Station wagon: Small    ,1.6,4,AM6          ,X         ,4.5,5.2,4.8,59,112,8,7, ,487
Station wagon: Small    ,1.6,4,AM6          ,X         ,4.5,4.4,4.4,64,104,9,7, ,488
Compact                 ,1.6,4,AV1          ,X         ,7.2,6.1,6.7,42,160,7,3, ,489
Compact                 ,1.6,4,M6           ,X         ,7.7,6.1,7.0,40,166,6,3, ,490
SUV: Small              ,2.0,4,AV8          ,X         ,8.2,7.1,7.7,37,182,6,5, ,491
SUV: Small              ,1.6,4,AM7          ,X         ,9.4,7.9,8.7,32,205,5,5, ,492
SUV: Small              ,2.0,4,AV8          ,X         ,8.8,7.6,8.2,34,195,6,5, ,493
SUV: Small              ,2.5,4,AM8          ,X         ,10.9,8.7,9.9,29,234,5,5, ,494
SUV: Small              ,2.5,4,AS8          ,X         ,10.1,9.2,9.7,29,227,5,5, ,495
SUV: Small              ,1.6,4,AM6          ,X         ,6.4,7.0,6.6,43,157,7,7, ,496
Station wagon: Small    ,2.0,4,AV           ,X         ,8.5,7.0,7.9,36,187,6,7, ,497
SUV: Small              ,2.5,4,AS8          ,X         ,9.3,7.4,8.4,34,198,6,5, ,498
SUV: Small              ,2.5,4,AS8          ,X         ,10.4,8.5,9.5,30,224,5,5, ,499
SUV: Small              ,1.6,4,AM6          ,X         ,6.1,6.3,6.2,46,145,7,7, ,500
Mid-size                ,3.3,6,AS8          ,Z         ,13.7,9.6,11.9,24,280,4,3, ,501
SUV: Small              ,3.8,6,AS8          ,X         ,12.8,9.8,11.4,25,269,4,5, ,502
Two-seater              ,5.2,10,AM7          ,Z         ,18.0,13.1,15.8,18,368,2,1, ,503
Two-seater              ,5.2,10,AM7          ,Z         ,18.2,13.2,15.9,18,370,2,1, ,504
Two-seater              ,5.2,10,AM7          ,Z         ,18.0,13.1,15.8,18,368,2,1, ,505
Two-seater              ,5.2,10,AM7          ,Z         ,18.2,13.2,15.9,18,370,2,1, ,506
SUV: Standard           ,4.0,8,AS8          ,Z         ,16.6,12.5,14.8,19,345,3,3, ,507
SUV: Standard           ,4.0,8,AS8          ,Z         ,16.6,12.5,14.8,19,345,3,3, ,508
SUV: Standard           ,2.0,4,AS8          ,Z         ,13.2,11.3,12.3,23,289,4,7, ,509
SUV: Standard           ,3.0,6,AS8          ,Z         ,12.9,10.4,11.8,24,276,4,7, ,510
SUV: Standard           ,5.0,8,AS8          ,Z         ,15.8,12.4,14.3,20,339,3,3, ,511
SUV: Standard           ,2.0,4,AS8          ,Z         ,14.2,11.7,13.0,22,306,4,7, ,512
SUV: Standard           ,3.0,6,AS8          ,Z         ,12.9,10.4,11.8,24,276,4,7, ,513
SUV: Standard           ,5.0,8,AS8          ,Z         ,16.4,12.7,14.7,19,350,3,3, ,514
SUV: Standard           ,2.0,4,AS8          ,Z         ,12.2,10.6,11.5,25,271,4,7, ,515
SUV: Standard           ,3.0,6,AS8          ,Z         ,12.1,9.3,10.9,26,258,4,7, ,516
SUV: Small              ,2.0,4,AS9          ,Z         ,12.7,10.0,11.5,25,271,4,7, ,517
SUV: Standard           ,3.0,6,AS8          ,Z         ,13.1,9.1,11.3,25,265,4,7, ,518
SUV: Standard           ,3.0,6,AS8          ,Z         ,13.1,9.1,11.3,25,265,4,7, ,519
SUV: Standard           ,4.4,8,AS8          ,Z         ,15.1,11.1,13.3,21,316,4,5, ,520
SUV: Standard           ,4.4,8,AS8          ,Z         ,15.2,11.0,13.3,21,314,4,5, ,521
SUV: Standard           ,3.0,6,AS8          ,Z         ,12.3,9.0,10.8,26,254,5,7, ,522
SUV: Standard           ,3.0,6,AS8          ,Z         ,13.1,9.1,11.3,25,265,4,7, ,523
SUV: Standard           ,4.4,8,AS8          ,Z         ,15.1,11.1,13.3,21,316,4,5, ,524
SUV: Small              ,2.0,4,AS9          ,Z         ,11.9,8.8,10.5,27,247,5,7, ,525
SUV: Small              ,2.0,4,AS9          ,Z         ,11.3,9.1,10.3,27,244,5,7, ,526
SUV: Small              ,2.0,4,AS8          ,Z         ,11.5,9.0,10.4,27,244,5,7, ,527
SUV: Small              ,3.0,6,AS8          ,Z         ,11.8,9.0,10.5,27,248,5,7, ,528
SUV: Small              ,3.0,6,AS8          ,Z         ,12.6,9.5,11.2,25,265,4,7, ,529
Mid-size                ,2.5,4,AS8          ,X         ,9.5,7.0,8.4,34,195,6,6, ,530
Mid-size                ,2.5,4,AV6          ,X         ,5.5,5.2,5.3,53,124,8,7, ,531
Mid-size                ,3.5,6,AS8          ,X         ,10.7,7.3,9.2,31,214,5,5, ,532
Mid-size                ,3.5,6,AS8          ,X         ,10.9,7.5,9.4,30,219,5,5, ,533
SUV: Standard           ,4.6,8,AS6          ,Z         ,16.2,12.3,14.5,19,337,3,3, ,534
Compact                 ,2.0,4,AS8          ,Z         ,11.0,7.6,9.5,30,221,5,5, ,535
Compact                 ,3.5,6,AS6          ,Z         ,12.2,9.0,10.8,26,253,5,5, ,536
Compact                 ,3.5,6,AS6          ,Z         ,12.2,9.0,10.8,26,253,5,5, ,537
Compact                 ,5.0,8,AS8          ,Z         ,14.1,9.3,11.9,24,280,4,5, ,538
Subcompact              ,5.0,8,AS10         ,Z         ,15.1,9.6,12.6,22,294,4,5, ,539
Minicompact             ,5.0,8,AS10         ,Z         ,16.0,9.5,13.0,22,304,4,5, ,540
Subcompact              ,3.5,6,AV10         ,Z         ,9.0,7.1,8.1,35,189,6,7, ,541
Mid-size                ,3.4,6,AS10         ,Z         ,13.8,8.7,11.2,25,270,4,5, ,542
Mid-size                ,3.5,6,AV10         ,Z         ,10.1,8.1,9.2,31,217,5,7, ,543
SUV: Standard           ,3.4,6,AS10         ,Z         ,14.2,10.8,12.7,22,298,4,5, ,544
SUV: Small              ,2.5,4,AS8          ,X         ,9.4,7.4,8.4,34,198,6,6, ,545
SUV: Small              ,2.4,4,AS8          ,Z         ,10.5,8.3,9.5,30,221,5,7, ,546
SUV: Small              ,2.4,4,AS8          ,Z         ,10.5,8.4,9.5,30,222,5,7, ,547
SUV: Small              ,2.5,4,AV6          ,Z         ,5.7,6.4,6.0,47,139,7,7, ,548
Subcompact              ,3.5,6,AS6          ,Z         ,12.2,9.0,10.8,26,253,5,5, ,549
Subcompact              ,3.5,6,AS6          ,Z         ,12.2,9.0,10.8,26,253,5,5, ,550
Subcompact              ,5.0,8,AS8          ,Z         ,14.4,9.6,12.2,23,285,4,5, ,551
SUV: Small              ,2.4,4,AS8          ,Z         ,11.2,8.4,9.9,29,231,5,7, ,552
SUV: Small              ,2.5,4,AV6          ,Z         ,6.3,6.8,6.5,43,151,7,7, ,553
SUV: Small              ,2.4,4,AS6          ,Z         ,8.7,8.4,8.6,33,199,6,7, ,554
Compact                 ,2.0,4,AV6          ,X         ,5.7,6.2,6.0,47,140,7,7, ,555
SUV: Standard           ,3.0,6,AS10         ,X         ,13.7,9.7,11.9,24,280,4,5, ,556
SUV: Standard           ,3.0,6,AS10         ,X         ,14.7,9.8,12.5,23,292,4,5, ,557
SUV: Small              ,2.0,4,AS8          ,X         ,11.2,8.3,9.9,29,232,5,7, ,558
SUV: Small              ,2.0,4,A8           ,X         ,11.6,9.4,10.6,27,249,5,6, ,559
SUV: Small              ,2.0,4,AS8          ,X         ,11.5,9.4,10.6,27,249,5,6, ,560
SUV: Small              ,2.7,6,AS8          ,X         ,12.7,9.3,11.2,25,262,4,6, ,561
SUV: Standard           ,3.5,6,AS10         ,X         ,15.2,10.8,13.2,21,310,4,6, ,562
SUV: Standard           ,3.5,6,AS10         ,X         ,15.7,11.1,13.6,21,320,3,6, ,563
Mid-size                ,3.0,6,A8           ,Z         ,13.4,9.4,11.6,24,271,4,3, ,564
Mid-size                ,3.0,6,A8           ,Z         ,13.4,9.4,11.6,24,271,4,3, ,565
Mid-size                ,3.0,6,A8           ,Z         ,14.1,9.5,12.0,24,284,4,3, ,566
Mid-size                ,3.8,8,A8           ,Z         ,17.4,11.9,14.9,19,348,3,1, ,567
SUV: Small              ,2.0,4,A8           ,Z         ,10.6,8.0,9.4,30,218,5,5, ,568
SUV: Small              ,2.0,4,A8           ,Z         ,10.6,8.0,9.4,30,218,5,5, ,569
SUV: Small              ,3.0,6,A8           ,Z         ,13.3,9.5,11.6,24,268,4,5, ,570
SUV: Standard           ,3.0,6,A8           ,Z         ,15.1,10.9,13.2,21,308,4,3, ,571
SUV: Standard           ,3.0,6,A8           ,Z         ,15.1,10.9,13.2,21,308,4,3, ,572
SUV: Standard           ,3.8,8,A8           ,Z         ,17.4,12.0,15.0,19,349,3,1, ,573
SUV: Standard           ,3.8,8,A8           ,Z         ,17.4,12.0,15.0,19,349,3,1, ,574
Two-seater              ,3.0,6,AS8          ,Z         ,15.4,9.5,12.8,22,295,4,5, ,575
Two-seater              ,3.0,6,AS8          ,Z         ,15.6,9.4,12.8,22,299,4,5, ,576
Full-size               ,3.0,6,A8           ,Z         ,14.4,9.3,12.1,23,281,4,3, ,577
Full-size               ,3.0,6,A8           ,Z         ,14.4,9.3,12.1,23,281,4,3, ,578
Full-size               ,3.0,6,A8           ,Z         ,14.1,9.5,12.0,24,284,4,3, ,579
Full-size               ,3.8,8,A8           ,Z         ,17.4,11.9,14.9,19,348,3,1, ,580
SUV: Small              ,2.0,4,AS6          ,X         ,9.4,7.7,8.6,33,202,5,7, ,581
SUV: Small              ,2.5,4,AS6          ,X         ,9.0,7.1,8.2,34,192,6,7, ,582
SUV: Small              ,2.5,4,AS6          ,X         ,10.5,7.9,9.3,30,220,5,5, ,583
SUV: Small              ,2.5,4,AS6          ,X         ,9.8,7.9,9.0,31,209,5,6, ,584
SUV: Small              ,2.5,4,AS6          ,X         ,10.8,8.7,9.8,29,230,5,5, ,585
SUV: Small              ,2.5,4,AS6          ,X         ,9.7,7.9,8.9,32,209,5,7, ,586
SUV: Small              ,2.5,4,AS6          ,X         ,10.4,8.1,9.4,30,220,5,3, ,587
SUV: Small              ,2.5,4,AS6          ,X         ,11.6,9.1,10.5,27,245,5,5, ,588
Compact                 ,2.0,4,AS6          ,X         ,8.4,6.6,7.6,37,178,6,7, ,589
Compact                 ,2.0,4,M6           ,X         ,8.7,6.4,7.7,37,180,6,7, ,590
Compact                 ,2.5,4,AS6          ,X         ,8.6,6.4,7.6,37,179,6,7, ,591
Compact                 ,2.5,4,AS6          ,X         ,8.8,6.6,7.9,36,185,6,7, ,592
Compact                 ,2.5,4,AS6          ,X         ,10.1,7.3,8.8,32,207,5,5, ,593
Mid-size                ,2.0,4,AS6          ,X         ,8.6,6.7,7.7,37,181,6,7, ,594
Mid-size                ,2.0,4,M6           ,X         ,8.7,6.6,7.8,36,181,6,7, ,595
Mid-size                ,2.5,4,AS6          ,X         ,8.7,6.7,7.8,36,183,6,7, ,596
Mid-size                ,2.5,4,M6           ,X         ,9.0,6.4,7.8,36,184,6,7, ,597
Mid-size                ,2.5,4,AS6          ,X         ,9.0,7.0,8.1,35,190,6,7, ,598
Mid-size                ,2.5,4,AS6          ,X         ,10.1,7.5,8.9,32,209,5,5, ,599
Two-seater              ,2.0,4,AS6          ,Z         ,9.0,6.6,7.9,36,186,6,3, ,600
Two-seater              ,2.0,4,M6           ,Z         ,9.0,7.0,8.1,35,189,6,3, ,601
Subcompact              ,3.0,6,A9           ,Z         ,13.3,9.2,11.4,25,268,4,5, ,602
Subcompact              ,3.0,6,A9           ,Z         ,12.9,8.7,11.0,26,257,5,5, ,603
Compact                 ,2.0,4,AM7          ,Z         ,11.4,8.1,9.9,29,232,5,5, ,604
Compact                 ,2.0,4,AM8          ,Z         ,12.0,8.3,10.3,27,241,5,3, ,605
Compact                 ,3.0,6,A9           ,Z         ,11.6,8.8,10.3,27,241,5,6, ,606
Mid-size                ,3.0,6,A9           ,Z         ,11.0,8.1,9.7,29,227,5,6, ,607
Subcompact              ,3.0,6,A9           ,Z         ,11.6,8.7,10.3,27,242,5,6, ,608
Subcompact              ,3.0,6,A9           ,Z         ,11.5,8.5,10.2,28,238,5,6, ,609
Station wagon: Small    ,2.0,4,AM8          ,Z         ,10.7,8.0,9.5,30,222,5,5, ,610
Station wagon: Small    ,2.0,4,AM8          ,Z         ,12.2,9.3,10.9,26,256,5,3, ,611
Station wagon: Mid-size ,2.0,4,AM8          ,Z         ,11.3,8.7,10.2,28,238,5,5, ,612
SUV: Small              ,3.0,6,A9           ,Z         ,13.5,9.7,11.8,24,274,4,5, ,613
SUV: Standard           ,3.0,6,A9           ,Z         ,13.4,10.7,12.2,23,284,4,6, ,614
SUV: Standard           ,3.0,6,A9           ,Z         ,13.1,10.4,11.9,24,277,4,6, ,615
SUV: Standard           ,4.0,8,A9           ,Z         ,16.3,12.6,14.7,19,343,3,5, ,616
SUV: Standard           ,4.0,8,A9           ,Z         ,16.5,12.8,14.8,19,347,3,5, ,617
SUV: Standard           ,4.0,8,A9           ,Z         ,16.6,13.2,15.1,19,354,3,5, ,618
Compact                 ,3.0,6,A9           ,Z         ,12.3,9.8,11.2,25,262,4,6, ,619
Subcompact              ,2.0,4,A9           ,Z         ,11.0,7.8,9.5,30,223,5,6, ,620
Subcompact              ,2.0,4,A9           ,Z         ,10.7,7.6,9.3,30,218,5,6, ,621
Compact                 ,2.0,4,A9           ,Z         ,9.8,7.1,8.6,33,201,6,7, ,622
Compact                 ,2.0,4,AM7          ,Z         ,9.8,7.0,8.6,33,200,6,5, ,623
Compact                 ,3.0,6,A9           ,Z         ,11.0,8.2,9.7,29,229,5,6, ,624
Mid-size                ,2.0,4,A9           ,Z         ,11.2,8.0,9.7,29,228,5,6, ,625
Subcompact              ,3.0,6,A9           ,Z         ,11.2,8.4,9.9,29,233,5,6, ,626
Subcompact              ,3.0,6,A9           ,Z         ,11.0,8.0,9.6,29,225,5,6, ,627
Mid-size                ,3.0,6,A9           ,Z         ,10.6,7.8,9.3,30,219,5,6, ,628
Station wagon: Mid-size ,3.0,6,A9           ,Z         ,11.4,8.3,10.0,28,233,5,6, ,629
SUV: Standard           ,4.0,8,A9           ,Z         ,17.9,14.4,16.3,17,383,2,3, ,630
SUV: Small              ,2.0,4,AM8          ,Z         ,10.3,7.3,9.0,31,210,5,5, ,631
SUV: Small              ,2.0,4,AM8          ,Z         ,10.7,7.9,9.4,30,221,5,5, ,632
SUV: Small              ,2.0,4,A9           ,Z         ,12.2,9.2,10.9,26,253,5,6, ,633
SUV: Standard           ,2.0,4,A9           ,Z         ,12.1,9.6,11.0,26,257,5,5, ,634
SUV: Standard           ,3.0,6,A9           ,Z         ,11.5,9.3,10.5,27,245,5,6, ,635
SUV: Standard           ,3.0,6,A9           ,Z         ,11.7,9.2,10.5,27,247,5,6, ,636
SUV: Standard           ,3.0,6,A9           ,Z         ,12.7,10.1,11.6,24,270,4,6, ,637
SUV: Standard           ,4.0,8,A9           ,Z         ,14.9,11.2,13.2,21,310,4,5, ,638
SUV: Standard           ,4.0,8,A9           ,Z         ,16.8,12.4,14.8,19,346,3,5, ,639
Full-size               ,4.0,8,A9           ,Z         ,15.9,9.6,13.0,22,305,4,5, ,640
Special purpose vehicle ,2.0,4,A9           ,Z         ,12.6,10.4,11.6,24,271,4,6, ,641
Special purpose vehicle ,2.0,4,A9           ,Z         ,12.6,10.4,11.6,24,271,4,6, ,642
Special purpose vehicle ,2.0,4,A9           ,Z         ,13.4,10.8,12.3,23,285,4,6, ,643
Full-size               ,3.0,6,A9           ,Z         ,12.0,8.4,10.4,27,242,5,6, ,644
Full-size               ,4.0,8,A9           ,Z         ,14.3,9.5,12.2,23,285,4,5, ,645
Subcompact              ,1.5,3,AM7          ,Z         ,8.2,6.2,7.3,39,170,6,7, ,646
Subcompact              ,1.5,3,M6           ,Z         ,8.6,6.3,7.6,37,177,6,7, ,647
Subcompact              ,1.5,3,AM7          ,Z         ,8.2,6.2,7.3,39,170,6,7, ,648
Subcompact              ,1.5,3,M6           ,Z         ,8.6,6.3,7.6,37,177,6,7, ,649
Mid-size                ,1.5,3,AS8          ,Z         ,9.6,7.1,8.5,33,199,6,7, ,650
Minicompact             ,1.5,3,AM7          ,Z         ,8.2,6.2,7.3,39,170,6,7, ,651
Minicompact             ,1.5,3,M6           ,Z         ,8.6,6.3,7.6,37,177,6,7, ,652
Mid-size                ,1.5,3,AM7          ,Z         ,9.1,7.3,8.3,34,194,6,7, ,653
Mid-size                ,1.5,3,AS8          ,Z         ,10.1,7.6,9.0,31,209,5,7, ,654
Subcompact              ,2.0,4,AM7          ,Z         ,8.5,6.2,7.5,38,174,6,7, ,655
Subcompact              ,2.0,4,M6           ,Z         ,10.3,7.0,8.8,32,205,5,7, ,656
Subcompact              ,2.0,4,AM7          ,Z         ,8.5,6.2,7.5,38,174,6,7, ,657
Subcompact              ,2.0,4,M6           ,Z         ,10.3,7.0,8.8,32,205,5,7, ,658
Mid-size                ,2.0,4,AM7          ,Z         ,9.3,6.8,8.2,34,191,6,7, ,659
Mid-size                ,2.0,4,M6           ,Z         ,10.9,7.4,9.3,30,217,5,7, ,660
Mid-size                ,2.0,4,AS8          ,Z         ,10.1,7.3,8.9,32,206,5,7, ,661
Minicompact             ,2.0,4,AM7          ,Z         ,8.8,6.5,7.8,36,182,6,7, ,662
Minicompact             ,2.0,4,M6           ,Z         ,10.1,7.1,8.8,32,205,5,7, ,663
Mid-size                ,2.0,4,AM7          ,Z         ,9.7,7.2,8.5,33,199,6,7, ,664
Mid-size                ,2.0,4,AS8          ,Z         ,10.4,7.5,9.1,31,212,5,7, ,665
Subcompact              ,2.0,4,AS8          ,Z         ,9.3,6.9,8.2,34,191,6,7, ,666
Subcompact              ,2.0,4,M6           ,Z         ,10.7,7.5,9.3,30,216,5,7, ,667
Mid-size                ,2.0,4,AS8          ,Z         ,10.1,7.6,9.0,31,210,5,3, ,668
Minicompact             ,2.0,4,AS8          ,Z         ,9.7,7.2,8.6,33,200,6,7, ,669
Mid-size                ,2.0,4,AS8          ,Z         ,10.0,7.8,9.0,31,210,5,3, ,670
SUV: Small              ,1.5,4,AV8          ,X         ,9.6,8.9,9.3,30,216,5,5, ,671
Compact                 ,1.2,3,AV           ,X         ,6.6,5.6,6.2,46,143,7,5, ,672
Compact                 ,1.2,3,M5           ,X         ,7.1,5.8,6.5,43,151,7,5, ,673
SUV: Small              ,2.5,4,AV8          ,X         ,9.7,7.9,8.9,32,208,5,6, ,674
SUV: Small              ,2.0,4,AV6          ,X         ,9.7,7.8,8.9,32,207,5,5, ,675
SUV: Small              ,2.0,4,AV6          ,X         ,10.0,8.1,9.1,31,213,5,5, ,676
SUV: Small              ,2.4,4,AV6          ,X         ,10.3,8.3,9.4,30,218,5,5, ,677
Mid-size                ,2.5,4,AV           ,X         ,9.1,6.5,7.9,36,187,6,7, ,678
Mid-size                ,2.5,4,AV           ,X         ,9.3,6.7,8.1,35,191,6,7, ,679
SUV: Standard           ,5.6,8,AS7          ,Z         ,17.5,12.9,15.4,18,362,2,3, ,680
Pickup truck: Standard  ,3.8,6,AS9          ,X         ,12.5,9.3,11.1,25,260,4,5, ,681
Pickup truck: Standard  ,3.8,6,AS9          ,X         ,12.8,10.2,11.6,24,273,4,5, ,682
Pickup truck: Standard  ,3.8,6,AS9          ,X         ,13.3,10.5,12.0,24,283,4,5, ,683
Subcompact              ,3.8,6,AM6          ,Z         ,14.4,10.9,12.8,22,300,4,3, ,684
Mid-size                ,1.6,4,AV           ,X         ,7.7,6.6,7.2,39,169,6,7, ,685
Mid-size                ,3.5,6,AV7          ,Z         ,11.6,7.9,9.9,29,233,5,3, ,686
Station wagon: Mid-size ,3.5,6,AV7          ,X         ,12.0,8.5,10.4,27,245,5,5, ,687
SUV: Small              ,3.5,6,AS9          ,X         ,11.6,9.2,10.5,27,246,5,5, ,688
SUV: Small              ,3.5,6,AS9          ,Z         ,11.9,10.0,11.1,25,260,4,5, ,689
Station wagon: Small    ,2.0,4,AV8          ,X         ,8.6,7.3,8.0,35,188,6,6, ,690
Station wagon: Small    ,2.0,4,AV8          ,X         ,9.0,7.5,8.3,34,196,6,6, ,691
SUV: Small              ,1.5,3,AV8          ,X         ,7.8,6.5,7.2,39,170,6,6, ,692
SUV: Small              ,2.5,4,AV8          ,X         ,9.0,7.1,8.1,35,190,6,7, ,693
SUV: Small              ,1.5,3,AV8          ,X         ,8.4,6.7,7.6,37,179,6,6, ,694
SUV: Small              ,1.5,3,AV8          ,X         ,8.4,6.8,7.7,37,181,6,6, ,695
SUV: Small              ,2.5,4,AV8          ,X         ,9.2,7.2,8.3,34,195,6,7, ,696
Mid-size                ,2.0,4,AV           ,X         ,8.0,6.0,7.1,40,167,6,7, ,697
Mid-size                ,2.0,4,AV           ,X         ,8.2,6.1,7.3,39,171,6,7, ,698
Mid-size                ,2.0,4,M6           ,X         ,9.2,6.2,7.9,36,185,6,7, ,699
Mid-size                ,2.0,4,M6           ,X         ,9.4,6.4,8.1,35,189,6,7, ,700
Compact                 ,1.6,4,AV           ,X         ,7.4,5.9,6.7,42,158,7,7, ,701
Compact                 ,1.6,4,M5           ,X         ,8.6,6.7,7.7,37,181,6,7, ,702
Two-seater              ,3.0,6,AS9          ,Z         ,12.3,8.6,10.6,27,249,5,5, ,703
Two-seater              ,3.0,6,M6           ,Z         ,13.4,10.0,11.9,24,280,4,5, ,704
Minicompact             ,3.0,6,AM8          ,Z         ,13.1,9.8,11.6,24,275,4,5, ,705
Minicompact             ,3.0,6,AM8          ,Z         ,13.1,9.8,11.6,24,275,4,5, ,706
Minicompact             ,3.0,6,AM8          ,Z         ,12.9,10.2,11.7,24,274,4,5, ,707
Minicompact             ,3.0,6,M7           ,Z         ,12.8,9.4,11.3,25,264,4,5, ,708
Minicompact             ,3.0,6,AM8          ,Z         ,12.9,10.2,11.7,24,273,4,5, ,709
Minicompact             ,3.0,6,M7           ,Z         ,13.8,9.4,11.8,24,275,4,5, ,710
Pickup truck: Standard  ,3.6,6,A8           ,X         ,11.9,9.4,10.8,26,253,5,7, ,711
Pickup truck: Standard  ,5.7,8,A8           ,X         ,13.0,10.0,11.7,24,275,4,5, ,712
Pickup truck: Standard  ,3.0,6,A8           ,D         ,11.1,8.0,9.7,29,260,4,1, ,713
Pickup truck: Standard  ,3.6,6,A8           ,X         ,12.1,9.7,11.0,26,259,4,7, ,714
Pickup truck: Standard  ,5.7,8,A8           ,X         ,16.1,11.0,13.8,20,325,3,5, ,715
Pickup truck: Standard  ,5.7,8,A8           ,X         ,13.5,10.5,12.1,23,284,4,5, ,716
Pickup truck: Standard  ,6.2,8,A8           ,Z         ,22.4,16.5,19.8,14,465,1,1, ,717
Pickup truck: Standard  ,3.6,6,A8           ,X         ,13.6,9.5,11.7,24,276,4,7, ,718
Pickup truck: Standard  ,5.7,8,A8           ,X         ,16.1,11.1,13.8,20,322,3,5, ,719
Pickup truck: Standard  ,3.6,6,A8           ,X         ,14.5,10.1,12.5,23,294,4,7, ,720
Pickup truck: Standard  ,5.7,8,A8           ,X         ,16.2,11.6,14.1,20,330,3,5, ,721
Station wagon: Mid-size ,6.7,12,AS8          ,Z         ,20.1,12.4,16.6,17,389,2,3, ,722
Station wagon: Mid-size ,6.7,12,AS8          ,Z         ,20.1,12.4,16.6,17,389,2,3, ,723
Full-size               ,6.7,12,AS8          ,Z         ,19.9,12.7,16.7,17,388,2,3, ,724
Full-size               ,6.7,12,AS8          ,Z         ,19.9,12.7,16.7,17,388,2,3, ,725
Full-size               ,6.7,12,AS8          ,Z         ,19.9,12.7,16.7,17,388,2,3, ,726
Full-size               ,6.7,12,AS8          ,Z         ,20.2,13.1,17.0,17,397,2,3, ,727
Full-size               ,6.7,12,AS8          ,Z         ,20.2,13.1,17.0,17,397,2,3, ,728
SUV: Standard           ,2.4,4,AV8          ,X         ,12.3,9.4,11.0,26,256,5,5, ,729
Minicompact             ,2.4,4,AS6          ,Z         ,11.0,7.7,9.5,30,224,5,3, ,730
Minicompact             ,2.4,4,M6           ,Z         ,12.0,8.8,10.5,27,247,5,3, ,731
SUV: Small              ,2.0,4,AV8          ,X         ,8.5,7.0,7.9,36,184,6,7, ,732
SUV: Small              ,2.0,4,M6           ,X         ,10.5,8.1,9.4,30,220,5,7, ,733
SUV: Small              ,2.5,4,AV8          ,X         ,8.8,7.0,8.0,35,187,6,7, ,734
SUV: Small              ,2.5,4,AV7          ,X         ,9.0,7.2,8.2,34,192,6,7, ,735
SUV: Small              ,2.5,4,AV8          ,X         ,9.5,8.3,9.0,31,210,5,7, ,736
Station wagon: Small    ,2.0,4,AV7          ,X         ,8.4,6.6,7.6,37,178,6,7, ,737
Station wagon: Small    ,2.0,4,M5           ,X         ,10.1,7.7,9.0,31,211,5,7, ,738
Full-size               ,2.4,4,AV8          ,X         ,10.1,7.5,9.0,31,209,5,6, ,739
Full-size               ,2.5,4,AV8          ,X         ,8.7,6.7,7.8,36,183,6,7, ,740
SUV: Small              ,2.4,4,AV8          ,X         ,10.6,8.1,9.5,30,221,5,6, ,741
SUV: Small              ,2.5,4,AV8          ,X         ,9.2,7.3,8.3,34,195,6,7, ,742
SUV: Small              ,2.4,4,AV8          ,X         ,11.0,9.0,10.1,28,235,5,6, ,743
Mid-size                ,2.4,4,AV8          ,Z         ,12.7,9.4,11.2,25,262,4,3, ,744
Mid-size                ,2.4,4,M6           ,Z         ,12.3,9.0,10.8,26,254,5,3, ,745
SUV: Standard           ,4.0,6,AS5          ,X         ,14.9,12.6,13.8,20,323,3,5, ,746
SUV: Standard           ,4.0,6,AS5          ,X         ,14.8,12.5,13.8,20,320,3,5, ,747
Mid-size                ,2.5,4,AS8          ,X         ,8.5,6.1,7.4,38,174,6,7, ,748
Mid-size                ,3.5,6,AS8          ,X         ,10.8,7.6,9.4,30,220,5,5, ,749
Mid-size                ,2.5,4,AS8          ,X         ,9.4,6.8,8.2,34,192,6,6, ,750
Mid-size                ,2.5,4,AS8          ,X         ,9.5,7.0,8.4,34,195,6,6, ,751
Mid-size                ,2.5,4,AV6          ,X         ,4.9,4.8,4.9,58,113,8,7, ,752
Mid-size                ,2.5,4,AV6          ,X         ,5.3,5.0,5.1,55,121,8,7, ,753
Compact                 ,2.0,4,AV10         ,X         ,7.4,5.7,6.7,42,158,7,7, ,754
Compact                 ,2.0,4,AV10         ,X         ,7.6,5.9,6.8,42,160,7,7, ,755
Compact                 ,2.0,4,AV10         ,X         ,7.5,5.9,6.8,42,159,7,7, ,756
Compact                 ,1.8,4,AV           ,X         ,4.4,5.1,4.7,60,110,8,7, ,757
Compact                 ,1.8,4,AV           ,X         ,4.6,5.3,4.9,58,115,8,7, ,758
Compact                 ,1.8,4,AV           ,X         ,5.0,5.7,5.3,53,124,8,7, ,759
SUV: Small              ,2.0,4,AV10         ,X         ,7.6,7.0,7.3,39,171,6,7, ,760
SUV: Small              ,2.0,4,AV10         ,X         ,8.1,7.4,7.8,36,182,6,7, ,761
SUV: Small              ,2.0,4,AV6          ,X         ,5.2,6.2,5.6,50,130,8,7, ,762
Mid-size                ,2.4,4,AS6          ,X         ,8.1,7.3,7.8,36,182,6,7, ,763
Mid-size                ,2.5,4,AV           ,X         ,5.6,5.7,5.7,50,133,8,7, ,764
Subcompact              ,1.6,3,M6           ,Z         ,11.1,8.3,9.8,29,229,5,5, ,765
Two-seater              ,2.0,4,AS8          ,Z         ,9.3,7.7,8.6,33,200,6,7, ,766
Two-seater              ,3.0,6,AS8          ,Z         ,10.2,7.7,9.1,31,212,5,5, ,767
Two-seater              ,3.0,6,M6           ,Z         ,12.7,8.8,10.9,26,255,5,5, ,768
Minicompact             ,2.4,4,AS6          ,Z         ,11.1,7.7,9.6,29,225,5,3, ,769
Minicompact             ,2.4,4,M6           ,Z         ,11.9,8.7,10.5,27,247,5,3, ,770
SUV: Small              ,2.4,4,AS8          ,X         ,11.0,8.4,9.9,29,231,5,7, ,771
SUV: Standard           ,2.5,4,AV           ,X         ,6.7,6.8,6.7,42,158,7,7, ,772
SUV: Standard           ,2.5,4,AV           ,X         ,6.6,6.8,6.7,42,156,7,7, ,773
Mid-size                ,2.0,4,AV           ,X         ,4.8,4.7,4.8,59,111,8,7, ,774
SUV: Small              ,2.5,4,AS8          ,X         ,8.8,6.8,7.9,36,184,6,7, ,775
SUV: Small              ,2.5,4,AS8          ,X         ,9.5,7.2,8.5,33,199,6,6, ,776
SUV: Small              ,2.5,4,AS8          ,X         ,8.8,7.1,8.0,35,187,6,6, ,777
SUV: Small              ,2.5,4,AS8          ,X         ,8.7,6.9,7.9,36,184,6,6, ,778
SUV: Small              ,2.5,4,AV           ,X         ,5.8,6.3,6.0,47,141,7,7, ,779
SUV: Standard           ,3.4,6,AS10         ,X         ,12.6,10.5,11.7,24,273,4,5, ,780
Minivan                 ,2.5,4,AV           ,X         ,6.6,6.5,6.6,43,154,7,7, ,781
Minivan                 ,2.5,4,AV           ,X         ,6.8,6.6,6.7,42,158,7,7, ,782
Pickup truck: Small     ,3.5,6,AS6          ,X         ,13.0,10.5,11.9,24,278,4,5, ,783
Pickup truck: Small     ,3.5,6,M6           ,X         ,13.8,11.4,12.7,22,299,4,5, ,784
Pickup truck: Small     ,3.5,6,M6           ,X         ,13.8,11.7,12.9,22,300,4,5, ,785
Pickup truck: Standard  ,3.4,6,AS10         ,X         ,13.1,10.1,11.8,24,277,4,5, ,786
Pickup truck: Standard  ,3.4,6,AS10         ,X         ,13.6,10.4,12.2,23,285,4,5, ,787
Pickup truck: Standard  ,3.4,6,AS10         ,X         ,13.5,10.6,12.2,23,286,4,5, ,788
Pickup truck: Standard  ,3.4,6,AS10         ,X         ,12.7,10.5,11.7,24,274,4,5, ,789
Pickup truck: Standard  ,3.4,6,AS10         ,X         ,12.9,11.6,12.3,23,287,4,5, ,790
SUV: Small              ,2.5,4,AV           ,X         ,5.9,6.4,6.1,46,142,7,7, ,791
SUV: Small              ,2.0,4,AS8          ,X         ,11.0,9.3,10.2,28,240,5,3, ,792
SUV: Small              ,2.0,4,AS8          ,X         ,11.8,9.8,10.9,26,255,5,3, ,793
SUV: Small              ,3.6,6,AS8          ,X         ,13.4,10.1,11.9,24,279,4,5, ,794
SUV: Small              ,2.0,4,AS8          ,X         ,11.0,9.6,10.3,27,243,5,3, ,795
SUV: Small              ,2.0,4,AS8          ,X         ,11.8,9.8,10.9,26,256,5,3, ,796
SUV: Small              ,3.6,6,AS8          ,X         ,13.1,10.0,11.7,24,275,4,5, ,797
Compact                 ,2.0,4,AM7          ,X         ,9.7,7.0,8.5,33,198,6,5, ,798
Compact                 ,2.0,4,M6           ,X         ,10.0,7.3,8.8,32,205,5,5, ,799
Compact                 ,2.0,4,A7           ,Z         ,10.3,7.7,9.1,31,213,5,5, ,800
Compact                 ,2.0,4,M6           ,Z         ,11.8,8.3,10.2,28,237,5,5, ,801
Compact                 ,1.5,4,AS8          ,X         ,7.7,5.7,6.8,42,159,7,7, ,802
Compact                 ,1.5,4,AS8          ,X         ,8.1,5.8,7.1,40,167,6,7, ,803
Compact                 ,1.5,4,M6           ,X         ,8.2,5.6,7.0,40,165,7,7, ,804
Compact                 ,2.0,4,AM7          ,X         ,9.0,6.5,7.9,36,185,6,7, ,805
Compact                 ,2.0,4,M6           ,X         ,9.1,6.4,7.9,36,186,6,7, ,806
SUV: Small              ,1.5,4,AS8          ,X         ,8.4,6.6,7.6,37,178,6,7, ,807
SUV: Small              ,1.5,4,AM7          ,X         ,9.5,7.3,8.5,33,200,6,7, ,808
SUV: Small              ,2.0,4,AS8          ,X         ,10.6,8.0,9.4,30,222,5,7, ,809
SUV: Small              ,2.0,4,AS8          ,X         ,11.0,8.3,9.8,29,229,5,7, ,810
Compact                 ,2.0,4,AS8          ,Z         ,9.0,6.7,8.0,35,186,6,5, ,811
Compact                 ,2.0,4,AS8          ,Z         ,9.4,6.9,8.3,34,193,6,5, ,812
Mid-size                ,2.0,4,AS8          ,Z         ,10.3,7.5,9.0,31,211,5,7, ,813
Station wagon: Small    ,2.0,4,AS8          ,Z         ,10.3,7.6,9.1,31,212,5,7, ,814
Station wagon: Small    ,2.0,4,AS8          ,Z         ,10.1,7.7,9.0,31,211,5,5, ,815
Station wagon: Mid-size ,2.0,4,AS8          ,Z         ,10.9,8.3,9.7,29,227,5,7, ,816
SUV: Small              ,2.0,4,AS8          ,Z         ,10.0,7.6,8.9,32,208,5,5, ,817
SUV: Small              ,2.0,4,AS8          ,Z         ,10.2,7.9,9.2,31,215,5,5, ,818
SUV: Small              ,2.0,4,AS8          ,Z         ,10.3,8.2,9.4,30,218,5,5, ,819
SUV: Small              ,2.0,4,AS8          ,Z         ,11.1,8.7,10.0,28,233,5,7, ,820
SUV: Standard           ,2.0,4,AS8          ,Z         ,10.5,8.4,9.6,29,223,5,5, ,821
SUV: Standard           ,2.0,4,AS8          ,Z         ,11.9,9.1,10.6,27,249,5,7, ,822
